3450002243,sa
3450013179,sa
3450005173,sa
3450034206,sa
3450033428,sa
3450013510,ca
3450008002,sa
3450047667,sa
3450014208,sa
3450048058,ca
3450007544,ca
3450001757,sa
3450002224,sa
3450002103,sa
3450011131,ca
3450043427,sa
3450043698,ca
3450047955,sa
3450049489,ca
3450005092,sa
3450011480,ca
3450042153,ca
3450042797,ca
3450030985,sa
3450006303,ca
3450049902,sa
3450013931,ca
3450035467,sa
3450036452,sa
3450008472,sa
3450023915,sa
3450001812,ca
3450029383,sa
3450013452,ca
3450035102,ca
3450003044,ca
3450014834,ca
3450005190,ca
3450011204,ca
3450035499,sa
3450036337,ca
3450013338,ca
3450036369,ca
3450001849,ca
3450011476,ca
3450005218,sa
3450006823,ca
3450039936,ca
3450006085,ca
3450045565,sa
3450020581,sa
3450048196,ca
3450034060,ca
3450033856,sa
3450034068,ca
3450021053,sa
3450019691,sa
3450009250,sa
3450040420,sa
3450048184,sa
3450043814,sa
3450031637,sa
3450034910,ca
3450020199,sa
3450029121,sa
3450009743,ca
3450034566,ca
3450024824,sa
3450021539,sa
3450001653,sa
3450005556,ca
3450040137,sa
3450001685,sa
3450048206,sa
3450011558,sa
3450033608,sa
3450045159,ca
3450031277,sa
3450048730,ca
3450019960,sa
3450016242,sa
3450003030,ca
3450019244,sa
3450013505,ca
3450007371,ca
3450006654,sa
3450010658,ca
3450019961,sa
3450004709,sa
3450041698,ca
3450043225,ca
3450036131,ca
3450006826,ca
3450036380,sa
3450040925,sa
3450003012,sa
3450041827,ca
3450039733,ca
3450013435,ca
3450012983,ca
3450033004,sa
3450030539,sa
3450026782,sa
3450006838,ca
3450003969,ca
3450011195,ca
3450049453,sa
3450003471,ca
3450010136,sa
3450037615,ca
3450039246,ca
3450045812,ca
3450048062,ca
3450019003,ca
3450011084,ca
3450042648,ca
3450003693,sa
3450038671,sa
3450022920,sa
3450000517,ca
3450046541,sa
3450031754,sa
3450042212,ca
3450039208,ca
3450001399,ca
3450044796,ca
3450011617,ca
3450020035,sa
3450041721,ca
3450005159,sa
3450011260,ca
3450021377,sa
3450010372,ca
3450044797,ca
3450009807,ca
3450006636,ca
3450039337,sa
3450003463,ca
3450009375,ca
3450013529,ca
3450038902,ca
3450031213,sa
3450040885,sa
3450042469,sa
3450042789,ca
3450024478,sa
3450011148,ca
3450044814,ca
3450004903,ca
3450047616,ca
3450016869,sa
3450028500,sa
3450032573,sa
3450041936,ca
3450018002,sa
3450028069,sa
3450002948,ca
3450004835,ca
3450038909,ca
3450039157,ca
3450026926,sa
3450041990,ca
3450030480,sa
3450006513,ca
3450021886,sa
3450011794,ca
3450036449,ca
3450003110,sa
3450001923,sa
3450041749,ca
3450002941,sa
3450009817,ca
3450001821,ca
3450031501,sa
3450042170,ca
3450000518,ca
3450042621,ca
3450009439,sa
3450029838,sa
3450049089,sa
3450045169,ca
3450011161,ca
3450035788,ca
3450010862,ca
3450011080,ca
3450021148,sa
3450049679,sa
3450021274,sa
3450026985,sa
3450025904,sa
3450018408,sa
3450020918,sa
3450039488,ca
3450048974,ca
3450022826,sa
3450030205,sa
3450001946,sa
3450011235,ca
3450012508,ca
3450019802,sa
3450035129,sa
3450039062,ca
3450004048,sa
3450006089,ca
3450041756,ca
3450044656,sa
3450003819,sa
3450013455,ca
3450004212,ca
3450009554,ca
3450011232,ca
3450044755,ca
3450014452,sa
3450048616,ca
3450022321,sa
3450024536,sa
3450006000,ca
3450042228,ca
3450000431,ca
3450010577,sa
3450001772,ca
3450019078,ca
3450034573,ca
3450006829,ca
3450045493,sa
3450039525,ca
3450010128,ca
3450004169,sa
3450041180,ca
3450019056,ca
3450048069,ca
3450025990,sa
3450039887,ca
3450016054,sa
3450039116,ca
3450004818,sa
3450010894,ca
3450002446,sa
3450042668,ca
3450025120,sa
3450047615,ca
3450003277,ca
3450008878,ca
3450047023,ca
3450003387,ca
3450031119,sa
3450042675,ca
3450011369,sa
3450015456,sa
3450011932,ca
3450003838,ca
3450026769,sa
3450011237,ca
3450003895,sa
3450007285,ca
3450045140,ca
3450013859,sa
3450030615,sa
3450015356,sa
3450045010,sa
3450014014,sa
3450024306,sa
3450034391,sa
3450010392,ca
3450002789,sa
3450018717,ca
3450017750,sa
3450001974,sa
3450011139,ca
3450039232,ca
3450013526,ca
3450009728,ca
3450041971,ca
3450017486,ca
3450022173,sa
3450004119,sa
3450040015,sa
3450002964,sa
3450018764,sa
3450026228,sa
3450019103,ca
3450000551,ca
3450022286,sa
3450015875,sa
3450038904,ca
3450023339,sa
3450004636,ca
3450025198,sa
3450042155,ca
3450008750,ca
3450044727,ca
3450003904,ca
3450021930,sa
3450011896,ca
3450036259,sa
3450001824,sa
3450012411,ca
3450019776,sa
3450004733,ca
3450026124,sa
3450039035,ca
3450021057,sa
3450041622,sa
3450029234,sa
3450009052,sa
3450003206,sa
3450015828,ca
3450039928,ca
3450037607,ca
3450043738,ca
3450016521,ca
3450008008,sa
3450042270,ca
3450020143,sa
3450037635,ca
3450031975,sa
3450034929,ca
3450024955,sa
3450044115,sa
3450023195,sa
3450043746,ca
3450049075,sa
3450048023,ca
3450033829,sa
3450037419,ca
3450007986,sa
3450000487,ca
3450038891,ca
3450015550,sa
3450010973,sa
3450003422,ca
3450006180,sa
3450031376,sa
3450004033,sa
3450048592,ca
3450006515,ca
3450007309,ca
3450038872,ca
3450011252,ca
3450044759,ca
3450033112,sa
3450023451,sa
3450037452,ca
3450025008,sa
3450018302,ca
3450015725,sa
3450035174,sa
3450026476,sa
3450005271,sa
3450041726,ca
3450025300,sa
3450011991,ca
3450031731,sa
3450010429,ca
3450006935,ca
3450005901,ca
3450019490,ca
3450029243,sa
3450003218,ca
3450012246,sa
3450037633,ca
3450020261,sa
3450042674,ca
3450011706,sa
3450036279,ca
3450013601,sa
3450010109,sa
3450011796,ca
3450032316,sa
3450009818,ca
3450042810,ca
3450042828,ca
3450044777,ca
3450006899,ca
3450031790,sa
3450004418,ca
3450038509,sa
3450004660,sa
3450016621,sa
3450004809,sa
3450020671,sa
3450042316,ca
3450009137,sa
3450035385,ca
3450003783,sa
3450036137,sa
3450019939,sa
3450011603,ca
3450038913,ca
3450047766,sa
3450041348,sa
3450032000,sa
3450004782,sa
3450014930,ca
3450041865,ca
3450049917,sa
3450048041,ca
3450045696,sa
3450004290,sa
3450005906,ca
3450006142,ca
3450038918,ca
3450042232,ca
3450018564,ca
3450011142,ca
3450011953,ca
3450009496,ca
3450025891,sa
3450020054,sa
3450017118,ca
3450006553,ca
3450013790,sa
3450043224,ca
3450021831,sa
3450015636,sa
3450037230,sa
3450039459,sa
3450006947,ca
3450006379,ca
3450006484,ca
3450023889,sa
3450032898,sa
3450024937,sa
3450047554,sa
3450035431,ca
3450006645,sa
3450009788,ca
3450021043,sa
3450010334,ca
3450011329,sa
3450006199,sa
3450026719,sa
3450018952,sa
3450041576,ca
3450037390,ca
3450004650,sa
3450018097,sa
3450002676,sa
3450039082,ca
3450043753,ca
3450042767,ca
3450035060,ca
3450005882,ca
3450038875,ca
3450030142,sa
3450002118,ca
3450021481,sa
3450006333,ca
3450009961,sa
3450041578,ca
3450022911,sa
3450013696,sa
3450003936,sa
3450009522,ca
3450001471,ca
3450039249,ca
3450011108,ca
3450038770,sa
3450002198,sa
3450038450,sa
3450037695,sa
3450011868,ca
3450049480,sa
3450028537,sa
3450002149,sa
3450042836,ca
3450018281,ca
3450016343,ca
3450009804,ca
3450043959,sa
3450048265,sa
3450008688,ca
3450014931,ca
3450047223,ca
3450005299,sa
3450045056,ca
3450035059,ca
3450000482,ca
3450023861,sa
3450002152,sa
3450015518,sa
3450000512,ca
3450042220,ca
3450006920,ca
3450031498,sa
3450038086,sa
3450030502,sa
3450026278,sa
3450013880,ca
3450021039,sa
3450039150,ca
3450003148,ca
3450019600,ca
3450037603,ca
3450049381,sa
3450039192,ca
3450004232,sa
3450022006,sa
3450045831,ca
3450029180,sa
3450034373,sa
3450035109,ca
3450046457,ca
3450039822,ca
3450017618,ca
3450007292,ca
3450024207,sa
3450037627,ca
3450011802,ca
3450002455,sa
3450010731,ca
3450045141,ca
3450003297,sa
3450004245,sa
3450016175,sa
3450003580,ca
3450035471,sa
3450020020,ca
3450001672,sa
3450031015,sa
3450039932,ca
3450008918,sa
3450005132,sa
3450002648,sa
3450006924,ca
3450001037,sa
3450038162,sa
3450005145,sa
3450007438,ca
3450041541,ca
3450049421,sa
3450005881,ca
3450016509,ca
3450010409,ca
3450002004,sa
3450010792,ca
3450034925,ca
3450015820,ca
3450016625,sa
3450036356,ca
3450041438,ca
3450010158,sa
3450011641,ca
3450003300,sa
3450042817,ca
3450024914,sa
3450008350,sa
3450000646,sa
3450038220,sa
3450018593,ca
3450039594,sa
3450009823,ca
3450023929,sa
3450009752,ca
3450003971,sa
3450036123,sa
3450048081,ca
3450017494,ca
3450003490,sa
3450026043,sa
3450017773,sa
3450011970,ca
3450025337,sa
3450013445,ca
3450001528,sa
3450001780,ca
3450042876,ca
3450013362,ca
3450007429,ca
3450011839,ca
3450004336,sa
3450014470,sa
3450004121,ca
3450011225,ca
3450006928,ca
3450024888,sa
3450011211,ca
3450046669,ca
3450005741,ca
3450031506,sa
3450049552,sa
3450013497,ca
3450012534,ca
3450007694,sa
3450007693,sa
3450021075,sa
3450004926,sa
3450001776,ca
3450019617,ca
3450018232,sa
3450037425,ca
3450042216,ca
3450012384,ca
3450002847,sa
3450034058,ca
3450014294,ca
3450036709,sa
3450005783,ca
3450044223,sa
3450045105,sa
3450048897,ca
3450020496,sa
3450004317,sa
3450003328,sa
3450018579,ca
3450003642,sa
3450049845,sa
3450046671,ca
3450008751,ca
3450031268,sa
3450035363,ca
3450041731,ca
3450002720,ca
3450035380,ca
3450014899,sa
3450017188,sa
3450017769,sa
3450048893,ca
3450030318,sa
3450014073,sa
3450035392,ca
3450005779,ca
3450004424,ca
3450011772,ca
3450013472,ca
3450015582,sa
3450003435,sa
3450038608,sa
3450008872,ca
3450002590,sa
3450009792,ca
3450041479,ca
3450047610,ca
3450043208,ca
3450049363,sa
3450036768,sa
3450041138,ca
3450034054,ca
3450044525,sa
3450006644,sa
3450025274,sa
3450024103,sa
3450029757,sa
3450049911,sa
3450041987,ca
3450001941,ca
3450011257,ca
3450042840,ca
3450037159,sa
3450023519,sa
3450025085,sa
3450004231,sa
3450044806,ca
3450003220,ca
3450039197,ca
3450039959,ca
3450038991,sa
3450005697,ca
3450002201,sa
3450028933,sa
3450007293,ca
3450049500,ca
3450040434,sa
3450020996,sa
3450016297,sa
3450031589,ca
3450010437,ca
3450012728,sa
3450013764,sa
3450012004,ca
3450042803,ca
3450012531,ca
3450045876,sa
3450017495,ca
3450021926,sa
3450017963,sa
3450038121,sa
3450035800,ca
3450002418,sa
3450021958,sa
3450000969,ca
3450049057,sa
3450048051,ca
3450045170,ca
3450039814,ca
3450042676,ca
3450002116,sa
3450023591,sa
3450003864,sa
3450013347,ca
3450004732,sa
3450036128,sa
3450034562,ca
3450041982,ca
3450012269,sa
3450027745,sa
3450025382,sa
3450006078,ca
3450001735,sa
3450004812,sa
3450030534,sa
3450020099,sa
3450004313,sa
3450042610,ca
3450010780,ca
3450011117,ca
3450007548,ca
3450012928,ca
3450002775,sa
3450016583,ca
3450003519,ca
3450002717,ca
3450037422,ca
3450046091,sa
3450049886,sa
3450006040,ca
3450041536,ca
3450047565,ca
3450010127,ca
3450018381,sa
3450017818,sa
3450016176,sa
3450003054,ca
3450039404,sa
3450014821,ca
3450032492,sa
3450019027,ca
3450021908,sa
3450017631,ca
3450001901,sa
3450035439,ca
3450032712,sa
3450007363,ca
3450048888,ca
3450015794,ca
3450002540,sa
3450017499,ca
3450001888,sa
3450024243,sa
3450011241,ca
3450019510,sa
3450033680,sa
3450017922,sa
3450009821,ca
3450001801,sa
3450006742,ca
3450001697,ca
3450009562,ca
3450004042,sa
3450028168,sa
3450043246,ca
3450009106,sa
3450004269,sa
3450011378,sa
3450003128,ca
3450044958,sa
3450013598,sa
3450006662,sa
3450030593,sa
3450017953,sa
3450008927,sa
3450012331,sa
3450046672,ca
3450001833,sa
3450012909,ca
3450000320,sa
3450004575,sa
3450017980,sa
3450030728,sa
3450035369,ca
3450023690,sa
3450006125,ca
3450036442,ca
3450030471,sa
3450000105,sa
3450004179,sa
3450017548,sa
3450039862,ca
3450026697,sa
3450015784,ca
3450023235,sa
3450035427,ca
3450001616,ca
3450020243,sa
3450026417,sa
3450049515,ca
3450024040,sa
3450031128,sa
3450028677,sa
3450023848,sa
3450036542,sa
3450023361,sa
3450012788,ca
3450033897,sa
3450003985,sa
3450018322,sa
3450039069,ca
3450027830,sa
3450040376,sa
3450019145,sa
3450039204,ca
3450041789,ca
3450039155,ca
3450036678,sa
3450011977,ca
3450041771,ca
3450034148,sa
3450046483,sa
3450010771,ca
3450027065,sa
3450006637,ca
3450002335,ca
3450016239,sa
3450041952,ca
3450012882,ca
3450038419,ca
3450014836,ca
3450035327,sa
3450004570,sa
3450034571,ca
3450017517,sa
3450040489,sa
3450048337,sa
3450046005,sa
3450007536,ca
3450018991,ca
3450045353,sa
3450031196,sa
3450012093,sa
3450039199,ca
3450003036,ca
3450010740,ca
3450037596,sa
3450031335,sa
3450044754,ca
3450028654,sa
3450018156,sa
3450002454,sa
3450010260,ca
3450039672,ca
3450038306,sa
3450003409,sa
3450021146,ca
3450010860,ca
3450013713,sa
3450006884,ca
3450038833,ca
3450009467,sa
3450014906,sa
3450034056,ca
3450039504,ca
3450005258,sa
3450001681,sa
3450034828,sa
3450016021,sa
3450003738,sa
3450023131,sa
3450007374,ca
3450019077,ca
3450039178,ca
3450029941,sa
3450009290,sa
3450049916,sa
3450005712,sa
3450005484,sa
3450005313,ca
3450029040,sa
3450047984,ca
3450015568,sa
3450002963,sa
3450018074,sa
3450004021,ca
3450042139,ca
3450002535,ca
3450044726,ca
3450005325,sa
3450043404,sa
3450020229,sa
3450042824,ca
3450004477,ca
3450018315,ca
3450048774,sa
3450048609,ca
3450002837,sa
3450037640,sa
3450011594,sa
3450036245,sa
3450042830,ca
3450012188,sa
3450034950,ca
3450001816,sa
3450016139,sa
3450014250,ca
3450017391,ca
3450011947,ca
3450004120,ca
3450005353,sa
3450003515,ca
3450034486,sa
3450033194,sa
3450000004,ca
3450004796,sa
3450041665,ca
3450044775,ca
3450005317,sa
3450017184,sa
3450042677,ca
3450026246,sa
3450006593,ca
3450007030,sa
3450014288,ca
3450003099,sa
3450010595,sa
3450042256,ca
3450002186,ca
3450023596,sa
3450009631,ca
3450018305,ca
3450003494,sa
3450004422,ca
3450041882,ca
3450037412,ca
3450004890,sa
3450020423,sa
3450020648,sa
3450006122,ca
3450039135,ca
3450047019,ca
3450005475,sa
3450005290,ca
3450019929,sa
3450044771,ca
3450014339,ca
3450015019,ca
3450003873,sa
3450041776,ca
3450039783,ca
3450045637,sa
3450009908,sa
3450001636,sa
3450019204,sa
3450034923,ca
3450037686,sa
3450041051,ca
3450004804,sa
3450009636,ca
3450006246,ca
3450049633,sa
3450010691,ca
3450001218,ca
3450039224,ca
3450014295,ca
3450012006,ca
3450003927,sa
3450049061,sa
3450002270,sa
3450006113,ca
3450043080,sa
3450047558,ca
3450019015,ca
3450011076,ca
3450010159,sa
3450025765,sa
3450011951,ca
3450030426,sa
3450048033,ca
3450017512,sa
3450024545,sa
3450046893,ca
3450039653,ca
3450004759,sa
3450003539,sa
3450038081,sa
3450013597,sa
3450044762,ca
3450037991,ca
3450007283,ca
3450049160,sa
3450040899,sa
3450037028,sa
3450004020,ca
3450020670,sa
3450025971,ca
3450033388,sa
3450019104,ca
3450031961,sa
3450024054,sa
3450027849,sa
3450036448,ca
3450000773,ca
3450048293,ca
3450004156,sa
3450003773,sa
3450004138,sa
3450016053,sa
3450010879,ca
3450039540,ca
3450018196,sa
3450002842,sa
3450004678,sa
3450038284,sa
3450002576,sa
3450042315,ca
3450002620,sa
3450003775,ca
3450017765,sa
3450036326,ca
3450043819,sa
3450029644,sa
3450017633,ca
3450027326,sa
3450019186,sa
3450010153,sa
3450011374,sa
3450034561,ca
3450023127,sa
3450002621,sa
3450004412,sa
3450007488,ca
3450009976,sa
3450004052,sa
3450038112,sa
3450000176,ca
3450017626,ca
3450030881,sa
3450038356,sa
3450044651,sa
3450003139,ca
3450048328,sa
3450041829,ca
3450020058,sa
3450005019,sa
3450006143,ca
3450011005,ca
3450044219,sa
3450033955,sa
3450005285,sa
3450047020,ca
3450005415,sa
3450041570,ca
3450025201,sa
3450008854,ca
3450042795,ca
3450005627,ca
3450034050,ca
3450000663,sa
3450020617,sa
3450034017,sa
3450022858,sa
3450003200,sa
3450017341,sa
3450034059,ca
3450022065,sa
3450029793,sa
3450020373,sa
3450011227,ca
3450035697,sa
3450030723,sa
3450019708,sa
3450002733,ca
3450013173,sa
3450005131,sa
3450006936,ca
3450017837,sa
3450015559,sa
3450036916,sa
3450041981,ca
3450039163,ca
3450039235,ca
3450046663,ca
3450005014,sa
3450012944,ca
3450042255,ca
3450011169,ca
3450031934,sa
3450002134,sa
3450001677,sa
3450048653,ca
3450036292,ca
3450037616,ca
3450019524,sa
3450022574,sa
3450048014,ca
3450011967,ca
3450035396,ca
3450003914,ca
3450017429,ca
3450020314,sa
3450009115,sa
3450012643,sa
3450048008,ca
3450048585,ca
3450021982,ca
3450020095,sa
3450041357,sa
3450010759,ca
3450000597,sa
3450020724,sa
3450017323,sa
3450035408,ca
3450001761,sa
3450030999,sa
3450015938,sa
3450039113,ca
3450020693,sa
3450041838,ca
3450030228,sa
3450018330,sa
3450015843,ca
3450047627,ca
3450028947,sa
3450002491,sa
3450003945,sa
3450020490,sa
3450035642,sa
3450047033,ca
3450034067,ca
3450000734,ca
3450009766,ca
3450041186,ca
3450028087,sa
3450034048,ca
3450036346,ca
3450008865,ca
3450004367,sa
3450012916,ca
3450043891,sa
3450049880,sa
3450014807,ca
3450044799,ca
3450005006,sa
3450004115,ca
3450008763,ca
3450026007,sa
3450011621,ca
3450048978,ca
3450030877,sa
3450041492,ca
3450048059,ca
3450042227,ca
3450015135,ca
3450036268,sa
3450011396,sa
3450005038,sa
3450008774,ca
3450041855,ca
3450011990,ca
3450003999,sa
3450004074,sa
3450009799,ca
3450004277,sa
3450011577,sa
3450040457,sa
3450021863,sa
3450039877,ca
3450005420,sa
3450010261,ca
3450017192,sa
3450034044,ca
3450004499,sa
3450029441,sa
3450043689,ca
3450045168,ca
3450012241,sa
3450014579,sa
3450002130,sa
3450006045,ca
3450019348,ca
3450021297,sa
3450025166,sa
3450009816,ca
3450013714,sa
3450013048,sa
3450009727,ca
3450006035,ca
3450024973,sa
3450010377,ca
3450044741,ca
3450042664,ca
3450011680,sa
3450029676,sa
3450003412,sa
3450011576,sa
3450038635,sa
3450000119,sa
3450004467,sa
3450003544,sa
3450005514,ca
3450018259,sa
3450019083,ca
3450043234,ca
3450012919,ca
3450041445,ca
3450046885,ca
3450048015,ca
3450037387,ca
3450001734,sa
3450019583,sa
3450049589,sa
3450038775,sa
3450038725,sa
3450039792,ca
3450019196,sa
3450022231,sa
3450012440,ca
3450020635,sa
3450000150,sa
3450047614,ca
3450008701,ca
3450014988,ca
3450048654,ca
3450006883,ca
3450019262,sa
3450036351,ca
3450018276,ca
3450019090,ca
3450041845,ca
3450049727,ca
3450028055,sa
3450041864,ca
3450026304,sa
3450047036,ca
3450026412,sa
3450034046,ca
3450000618,sa
3450003026,sa
3450041418,ca
3450041509,ca
3450010647,ca
3450021198,sa
3450035750,sa
3450008740,ca
3450019997,sa
3450006487,ca
3450018688,ca
3450048468,sa
3450014424,sa
3450016121,sa
3450002242,sa
3450003331,sa
3450009652,ca
3450032307,sa
3450036323,ca
3450007278,ca
3450000042,ca
3450040367,sa
3450003931,sa
3450013665,sa
3450045466,sa
3450014934,ca
3450041799,ca
3450027712,ca
3450006345,ca
3450019150,sa
3450017109,ca
3450011628,ca
3450047720,sa
3450002333,sa
3450046622,sa
3450018314,ca
3450015217,sa
3450012452,ca
3450042321,ca
3450023410,sa
3450017114,ca
3450048170,sa
3450002604,ca
3450009024,sa
3450017435,ca
3450017977,sa
3450013629,sa
3450042318,ca
3450029257,sa
3450003822,sa
3450046017,ca
3450018037,ca
3450003462,ca
3450004525,ca
3450001676,sa
3450010063,sa
3450000542,ca
3450029667,sa
3450041470,ca
3450015230,sa
3450018863,sa
3450013674,sa
3450016040,sa
3450035183,sa
3450018282,ca
3450004746,sa
3450041320,sa
3450011662,ca
3450002864,sa
3450024086,sa
3450009138,sa
3450038926,ca
3450042794,ca
3450025350,sa
3450049859,sa
3450048795,ca
3450048892,ca
3450007352,ca
3450000548,ca
3450021363,sa
3450005247,ca
3450031380,sa
3450021174,sa
3450020658,sa
3450000550,ca
3450038922,ca
3450000681,sa
3450011618,ca
3450011846,ca
3450043896,sa
3450011788,ca
3450007317,ca
3450041897,ca
3450003405,ca
3450020270,sa
3450013994,sa
3450026089,sa
3450014289,ca
3450043797,ca
3450036583,sa
3450015541,sa
3450004079,sa
3450008999,ca
3450011487,ca
3450041613,sa
3450048323,sa
3450011633,ca
3450036420,ca
3450048754,ca
3450035082,ca
3450004795,sa
3450016892,sa
3450006842,ca
3450019738,ca
3450005330,sa
3450041717,ca
3450041880,ca
3450008795,ca
3450044944,sa
3450005227,sa
3450037999,ca
3450030994,sa
3450026296,sa
3450029324,sa
3450013463,ca
3450013226,ca
3450003584,sa
3450019839,sa
3450000677,sa
3450035746,sa
3450022808,sa
3450018743,ca
3450036696,sa
3450041945,ca
3450022867,sa
3450006828,ca
3450002355,sa
3450037985,ca
3450007345,ca
3450002945,sa
3450000343,sa
3450014253,ca
3450036350,ca
3450005802,ca
3450004349,sa
3450011197,ca
3450004113,ca
3450018399,sa
3450048260,sa
3450011310,sa
3450010491,sa
3450004871,sa
3450004335,sa
3450026822,sa
3450041543,ca
3450037418,ca
3450019482,ca
3450039221,ca
3450016710,sa
3450030066,sa
3450036293,ca
3450045825,ca
3450015492,ca
3450003915,ca
3450003774,sa
3450017129,ca
3450028258,sa
3450014351,ca
3450035413,ca
3450014767,ca
3450042659,ca
3450002332,sa
3450029388,sa
3450037399,ca
3450012156,sa
3450043465,ca
3450013191,sa
3450041797,ca
3450000484,ca
3450002076,sa
3450017264,sa
3450033266,sa
3450016595,ca
3450046438,sa
3450014663,sa
3450029748,sa
3450030507,sa
3450022830,sa
3450009722,ca
3450004561,sa
3450002287,ca
3450049522,ca
3450000254,ca
3450026449,sa
3450040466,sa
3450015039,ca
3450039825,ca
3450009729,ca
3450024108,sa
3450003151,sa
3450003958,sa
3450021070,sa
3450024621,sa
3450032433,sa
3450002718,ca
3450018978,ca
3450017148,ca
3450042645,ca
3450010545,sa
3450035451,ca
3450042642,ca
3450040349,sa
3450016429,ca
3450013316,ca
3450014565,sa
3450034189,sa
3450011960,ca
3450011186,ca
3450032370,sa
3450034953,ca
3450016117,sa
3450049895,sa
3450012603,ca
3450030750,sa
3450022961,sa
3450047224,ca
3450033130,sa
3450042143,ca
3450019045,ca
3450043823,sa
3450032974,sa
3450004781,sa
3450039625,sa
3450017420,ca
3450030629,sa
3450008229,ca
3450013538,sa
3450004619,sa
3450012759,ca
3450042595,ca
3450035359,ca
3450037411,ca
3450040533,sa
3450013804,sa
3450002639,sa
3450018245,sa
3450003658,ca
3450003039,sa
3450000092,sa
3450005732,ca
3450004819,ca
3450049408,sa
3450005109,sa
3450043207,ca
3450041568,ca
3450003116,sa
3450011954,ca
3450005043,ca
3450016711,sa
3450018313,ca
3450044467,sa
3450029559,sa
3450037619,ca
3450020891,sa
3450017580,sa
3450011025,ca
3450014367,sa
3450008745,ca
3450017260,sa
3450015212,sa
3450012486,ca
3450039905,ca
3450041942,ca
3450004631,ca
3450042587,ca
3450006207,sa
3450034733,sa
3450000349,sa
3450023497,sa
3450038905,ca
3450039106,ca
3450004110,sa
3450020698,sa
3450011054,ca
3450004833,ca
3450019537,sa
3450030737,sa
3450045053,ca
3450043977,sa
3450012986,ca
3450013930,ca
3450015018,ca
3450004902,ca
3450013503,ca
3450036332,ca
3450018740,ca
3450023514,sa
3450011642,ca
3450037870,sa
3450044744,ca
3450002459,sa
3450003165,ca
3450009750,ca
3450023154,sa
3450041886,ca
3450001777,ca
3450047232,ca
3450004904,ca
3450011978,ca
3450006110,ca
3450011987,ca
3450002694,sa
3450038892,ca
3450003823,sa
3450029496,sa
3450034575,ca
3450002927,sa
3450010418,ca
3450009399,sa
3450019020,ca
3450046244,sa
3450034545,ca
3450003508,sa
3450037951,sa
3450019253,sa
3450042236,ca
3450006278,ca
3450022362,sa
3450013458,ca
3450037636,sa
3450019966,sa
3450041806,ca
3450002635,sa
3450048064,ca
3450008689,ca
3450032249,sa
3450017805,sa
3450000413,ca
3450031173,sa
3450037405,ca
3450005456,sa
3450044766,ca
3450031669,sa
3450044198,ca
3450039865,ca
3450000155,sa
3450024121,sa
3450009295,sa
3450020283,sa
3450024257,sa
3450011224,ca
3450031358,sa
3450035476,ca
3450045144,ca
3450043757,ca
3450040493,sa
3450001883,ca
3450042324,ca
3450004579,sa
3450016189,sa
3450028988,sa
3450002734,sa
3450013519,ca
3450007402,ca
3450040614,sa
3450038943,ca
3450004476,ca
3450039953,ca
3450007287,ca
3450009733,ca
3450040583,sa
3450017448,ca
3450019875,sa
3450010359,ca
3450006931,ca
3450021944,sa
3450007547,ca
3450014235,ca
3450011236,ca
3450014778,ca
3450039105,ca
3450006953,ca
3450013971,sa
3450005050,sa
3450039413,sa
3450002413,sa
3450015379,sa
3450028484,ca
3450011176,ca
3450047991,ca
3450010587,sa
3450008830,ca
3450005069,sa
3450015617,sa
3450007743,sa
3450033581,sa
3450019267,sa
3450048973,ca
3450045939,sa
3450036322,ca
3450002037,ca
3450002045,sa
3450020194,sa
3450005828,ca
3450015338,sa
3450002996,sa
3450035079,ca
3450000544,ca
3450004452,sa
3450012552,ca
3450034560,ca
3450017449,ca
3450012908,ca
3450039995,sa
3450006347,ca
3450049228,sa
3450018188,sa
3450033798,sa
3450042160,ca
3450002783,sa
3450003468,sa
3450029554,sa
3450012656,sa
3450019780,sa
3450030377,sa
3450036328,ca
3450025099,sa
3450036240,sa
3450002426,ca
3450004727,sa
3450006896,ca
3450001456,ca
3450046894,ca
3450037445,ca
3450043231,ca
3450011212,ca
3450035794,ca
3450011247,ca
3450013958,sa
3450022817,sa
3450014042,sa
3450012372,ca
3450012491,ca
3450042237,ca
3450035441,ca
3450000546,ca
3450018362,sa
3450038949,ca
3450025620,sa
3450039218,ca
3450001793,sa
3450034574,ca
3450042669,ca
3450014597,sa
3450039958,ca
3450032505,sa
3450004633,ca
3450011177,ca
3450042662,ca
3450018725,ca
3450025648,sa
3450041109,sa
3450036966,sa
3450004443,sa
3450001519,sa
3450043715,ca
3450014947,ca
3450020297,sa
3450012922,ca
3450024789,sa
3450029103,sa
3450029518,sa
3450046073,sa
3450006547,ca
3450015933,sa
3450041963,ca
3450014037,sa
3450004574,sa
3450000807,sa
3450011043,ca
3450030264,ca
3450025896,sa
3450047218,ca
3450007689,sa
3450047227,ca
3450049501,ca
3450020414,sa
3450018363,sa
3450013672,ca
3450032127,sa
3450041765,ca
3450039940,ca
3450009056,sa
3450011886,ca
3450018972,ca
3450019093,ca
3450003011,sa
3450039153,ca
3450039228,ca
3450030309,sa
3450011196,ca
3450003522,ca
3450041654,ca
3450038734,sa
3450022420,sa
3450021476,sa
3450036209,sa
3450031759,sa
3450010196,ca
3450037632,ca
3450012367,ca
3450025710,sa
3450005801,ca
3450040817,sa
3450025175,sa
3450014420,sa
3450001885,ca
3450017150,ca
3450014739,ca
3450020184,sa
3450004228,sa
3450024554,sa
3450025438,ca
3450010800,ca
3450000023,ca
3450040673,sa
3450032622,sa
3450037721,sa
3450001806,sa
3450038667,sa
3450039944,ca
3450011015,ca
3450010323,ca
3450016607,ca
3450016315,sa
3450033054,sa
3450037435,ca
3450021323,sa
3450004484,sa
3450009313,sa
3450034328,sa
3450044804,ca
3450014664,sa
3450002202,sa
3450039031,ca
3450041934,ca
3450048301,ca
3450041837,ca
3450011333,sa
3450041521,ca
3450041575,ca
3450003017,sa
3450003107,sa
3450044025,sa
3450017131,ca
3450048894,ca
3450029883,sa
3450018039,sa
3450012328,sa
3450004019,ca
3450035061,ca
3450016310,sa
3450004006,sa
3450005045,ca
3450037055,sa
3450031010,sa
3450027961,sa
3450039950,ca
3450042446,sa
3450002572,sa
3450012976,ca
3450038293,sa
3450022308,sa
3450016937,sa
3450035525,sa
3450002606,ca
3450010834,ca
3450007328,ca
3450002423,sa
3450037866,sa
3450003552,sa
3450028460,sa
3450048605,ca
3450011650,ca
3450018934,sa
3450039023,ca
3450001770,ca
3450023050,sa
3450049147,sa
3450022150,sa
3450002742,sa
3450034955,ca
3450048055,ca
3450029662,sa
3450035944,sa
3450018612,ca
3450026692,sa
3450043148,sa
3450038001,ca
3450005230,sa
3450006107,ca
3450021593,sa
3450038842,ca
3450049513,ca
3450025553,sa
3450001781,ca
3450049093,sa
3450021719,sa
3450042428,sa
3450040146,ca
3450033702,sa
3450019500,ca
3450036984,sa
3450005956,ca
3450025170,sa
3450031295,sa
3450034409,sa
3450012968,ca
3450040669,sa
3450010417,ca
3450003034,ca
3450025738,sa
3450011554,sa
3450035705,sa
3450006312,ca
3450002936,ca
3450010892,ca
3450042478,sa
3450002107,ca
3450000104,sa
3450011981,ca
3450046675,ca
3450016946,ca
3450022335,sa
3450006039,ca
3450029077,sa
3450047725,sa
3450014587,sa
3450018937,ca
3450005401,sa
3450049430,sa
3450043869,sa
3450038202,sa
3450018705,ca
3450024531,sa
3450020210,sa
3450042883,sa
3450010322,ca
3450020757,sa
3450001758,sa
3450030403,sa
3450022597,sa
3450017122,ca
3450048512,sa
3450008480,sa
3450012192,sa
3450042234,ca
3450001441,ca
3450001027,sa
3450048600,ca
3450047675,ca
3450022114,sa
3450039332,sa
3450015803,ca
3450047231,ca
3450009004,ca
3450013454,ca
3450003835,ca
3450003341,sa
3450008780,ca
3450019745,sa
3450002784,sa
3450035368,ca
3450045161,ca
3450000291,ca
3450032938,sa
3450019254,sa
3450002530,sa
3450048792,sa
3450004188,sa
3450026722,ca
3450004688,sa
3450020783,sa
3450009720,ca
3450023230,sa
3450038912,ca
3450024239,sa
3450039769,ca
3450042838,ca
3450012021,sa
3450042660,ca
3450037379,ca
3450004381,sa
3450012232,sa
3450039907,ca
3450047581,ca
3450020201,sa
3450013296,ca
3450009787,ca
3450000063,ca
3450033365,sa
3450020990,sa
3450031533,sa
3450035798,ca
3450020427,sa
3450021247,sa
3450041141,ca
3450014293,ca
3450009829,ca
3450019418,ca
3450029270,sa
3450017632,ca
3450032357,sa
3450026471,sa
3450001720,sa
3450000913,ca
3450003717,ca
3450010439,ca
3450022579,sa
3450027015,sa
3450016775,sa
3450004106,sa
3450022772,sa
3450003094,sa
3450009129,sa
3450042777,ca
3450037235,sa
3450048586,ca
3450002111,sa
3450017146,ca
3450045691,sa
3450036414,ca
3450022001,sa
3450043261,ca
3450017599,ca
3450030870,ca
3450033720,sa
3450041815,ca
3450010519,sa
3450013419,ca
3450028474,sa
3450049273,sa
3450012670,sa
3450011659,ca
3450038027,sa
3450024590,sa
3450011767,ca
3450004015,ca
3450011942,ca
3450021459,sa
3450037604,ca
3450043739,ca
3450001492,ca
3450042244,ca
3450046190,sa
3450006554,ca
3450010622,sa
3450004628,ca
3450019956,sa
3450024523,ca
3450041500,ca
3450003977,sa
3450021741,sa
3450042612,ca
3450041057,ca
3450011219,ca
3450033734,sa
3450037444,ca
3450037096,sa
3450043684,ca
3450013122,ca
3450017080,ca
3450011213,ca
3450041221,sa
3450013222,sa
3450048067,ca
3450041153,ca
3450041737,ca
3450011517,sa
3450047545,sa
3450026557,sa
3450007552,ca
3450035410,ca
3450034463,sa
3450005447,sa
3450018295,ca
3450018246,sa
3450044499,sa
3450043116,sa
3450030156,sa
3450005140,sa
3450037690,sa
3450020333,sa
3450047029,ca
3450005253,ca
3450011999,ca
3450017498,ca
3450002946,ca
3450017613,ca
3450037431,ca
3450002306,sa
3450046767,sa
3450035434,ca
3450002248,sa
3450020170,sa
3450015838,ca
3450039229,ca
3450038005,ca
3450020247,sa
3450029027,sa
3450006024,ca
3450036296,ca
3450043968,sa
3450039522,ca
3450009580,ca
3450025184,sa
3450016847,sa
3450013376,ca
3450007325,ca
3450038130,sa
3450038931,ca
3450048193,sa
3450037403,ca
3450037629,ca
3450025062,sa
3450035070,ca
3450036231,sa
3450011988,ca
3450021332,sa
3450047216,ca
3450006905,ca
3450034906,ca
3450035228,sa
3450041444,ca
3450014912,ca
3450019816,sa
3450017462,ca
3450015815,ca
3450029865,sa
3450003269,sa
3450015392,sa
3450035107,ca
3450026345,sa
3450013115,sa
3450007527,ca
3450014466,sa
3450005005,sa
3450006591,ca
3450031957,sa
3450039489,ca
3450005846,ca
3450024388,sa
3450017700,sa
3450037606,ca
3450014933,ca
3450031524,sa
3450019007,ca
3450021228,ca
3450041946,ca
3450045650,sa
3450048689,sa
3450023163,sa
3450036989,sa
3450039350,sa
3450041169,ca
3450044471,sa
3450011685,sa
3450011217,ca
3450008476,sa
3450004718,sa
3450004372,sa
3450003756,sa
3450033176,sa
3450011559,sa
3450016030,ca
3450012048,sa
3450039699,ca
3450031259,sa
3450014704,sa
3450044811,ca
3450011568,sa
3450026393,ca
3450013197,sa
3450046670,ca
3450011646,ca
3450017917,sa
3450029617,sa
3450017101,ca
3450034139,sa
3450030930,sa
3450007553,ca
3450019098,ca
3450012125,sa
3450037753,sa
3450045054,ca
3450018983,ca
3450002972,sa
3450038915,ca
3450000965,ca
3450029356,sa
3450018279,ca
3450035448,ca
3450026282,sa
3450018722,ca
3450007542,ca
3450015780,sa
3450044787,ca
3450012562,ca
3450006942,ca
3450038867,ca
3450039486,sa
3450012094,sa
3450047234,ca
3450012947,ca
3450013524,ca
3450017819,sa
3450003610,sa
3450009312,sa
3450001630,ca
3450025855,sa
3450011246,ca
3450025977,sa
3450022312,sa
3450000808,sa
3450017521,sa
3450020535,sa
3450004278,ca
3450020978,sa
3450025323,sa
3450012423,ca
3450015239,sa
3450018137,ca
3450039238,ca
3450004137,sa
3450002562,sa
3450035446,ca
3450047030,ca
3450038694,sa
3450020657,sa
3450035475,ca
3450041890,ca
3450016774,sa
3450003779,sa
3450003035,sa
3450001644,sa
3450002724,ca
3450000025,ca
3450003755,sa
3450040074,sa
3450014703,sa
3450041073,ca
3450013146,sa
3450017106,ca
3450010711,ca
3450042596,ca
3450006698,ca
3450004209,sa
3450039133,ca
3450012265,sa
3450003045,ca
3450036338,ca
3450045024,ca
3450018327,sa
3450010428,ca
3450017520,sa
3450008815,ca
3450017151,sa
3450019771,sa
3450030761,ca
3450035405,ca
3450001829,sa
3450026368,sa
3450049836,sa
3450044734,ca
3450009776,ca
3450010884,ca
3450048201,sa
3450015870,sa
3450014791,ca
3450008807,ca
3450002788,sa
3450030435,sa
3450029789,sa
3450044756,ca
3450040975,sa
3450034229,sa
3450023988,sa
3450017839,ca
3450011571,sa
3450005399,sa
3450003843,ca
3450016833,sa
3450006073,ca
3450016391,sa
3450017139,ca
3450003972,ca
3450005195,sa
3450012409,ca
3450002256,sa
3450002360,sa
3450018694,ca
3450004630,ca
3450013423,ca
3450010527,sa
3450041676,ca
3450005590,ca
3450005966,ca
3450023249,sa
3450003980,sa
3450011900,ca
3450017715,sa
3450039688,ca
3450027376,sa
3450030129,sa
3450000045,ca
3450003223,ca
3450009255,sa
3450013476,ca
3450041190,ca
3450038437,sa
3450003048,ca
3450039990,sa
3450009704,ca
3450013151,sa
3450001555,sa
3450022330,sa
3450005047,ca
3450045160,ca
3450036344,ca
3450002253,ca
3450040038,sa
3450048607,ca
3450038950,ca
3450036360,ca
3450005321,sa
3450001767,sa
3450004344,sa
3450048286,ca
3450005060,sa
3450000061,ca
3450012377,ca
3450036600,sa
3450037408,ca
3450021478,ca
3450012355,ca
3450006464,ca
3450011052,ca
3450011253,ca
3450010700,ca
3450003296,sa
3450036574,sa
3450036164,sa
3450038898,ca
3450042654,ca
3450016319,sa
3450029306,sa
3450001590,sa
3450000582,sa
3450011871,ca
3450003602,sa
3450034045,ca
3450019687,sa
3450012642,sa
3450043567,sa
3450003656,sa
3450003123,ca
3450014279,ca
3450047487,sa
3450012467,ca
3450020036,sa
3450029658,sa
3450002396,sa
3450040010,sa
3450048940,sa
3450007026,sa
3450035985,sa
3450016536,ca
3450021746,sa
3450037023,sa
3450032524,ca
3450005753,ca
3450010095,sa
3450019867,sa
3450010317,ca
3450036345,ca
3450019484,ca
3450027911,sa
3450048079,ca
3450015320,ca
3450048030,ca
3450032280,sa
3450022290,sa
3450017660,sa
3450015301,sa
3450006231,ca
3450014333,ca
3450009105,sa
3450013787,sa
3450004691,sa
3450000877,ca
3450044792,ca
3450047612,ca
3450001779,ca
3450013504,ca
3450001473,ca
3450033329,sa
3450044818,ca
3450036321,ca
3450028983,sa
3450001032,sa
3450028735,sa
3450018715,ca
3450011233,ca
3450015087,ca
3450039065,ca
3450003700,sa
3450017468,ca
3450005155,sa
3450036998,ca
3450003707,ca
3450004331,sa
3450018209,sa
3450001950,sa
3450010302,ca
3450046078,sa
3450021156,sa
3450004419,ca
3450029527,sa
3450011485,ca
3450007720,sa
3450016543,ca
3450046107,ca
3450014069,sa
3450011643,ca
3450017481,ca
3450036704,sa
3450022632,sa
3450003465,ca
3450032156,ca
3450044784,ca
3450001469,ca
3450037448,ca
3450044039,sa
3450002058,sa
3450048306,ca
3450004868,sa
3450018371,sa
3450032500,sa
3450016887,sa
3450041959,ca
3450041415,ca
3450011044,ca
3450005362,sa
3450045210,ca
3450007496,ca
3450034078,ca
3450013412,ca
3450012950,ca
3450018467,sa
3450042739,sa
3450049011,sa
3450041695,ca
3450011907,ca
3450025927,sa
3450040989,sa
3450025611,sa
3450004520,sa
3450003152,sa
3450000531,ca
3450021477,sa
3450031946,ca
3450039136,ca
3450011884,ca
3450032825,sa
3450013501,ca
3450028924,sa
3450016824,sa
3450002885,ca
3450003002,sa
3450016135,sa
3450010728,ca
3450015735,sa
3450045551,sa
3450033036,sa
3450012596,ca
3450000664,sa
3450003025,sa
3450035375,ca
3450039599,sa
3450011124,ca
3450000127,sa
3450012629,sa
3450007254,ca
3450039962,ca
3450004034,sa
3450026269,sa
3450003340,sa
3450005137,sa
3450045956,ca
3450004312,sa
3450038883,ca
3450010415,ca
3450011985,ca
3450047888,sa
3450009443,sa
3450002483,ca
3450016561,ca
3450032082,sa
3450002820,ca
3450003576,ca
3450037612,ca
3450012016,sa
3450036446,ca
3450014855,ca
3450004808,sa
3450011255,ca
3450035390,ca
3450022565,sa
3450038924,ca
3450005781,ca
3450003135,ca
3450013895,sa
3450036993,ca
3450021868,sa
3450046195,sa
3450049831,sa
3450006512,ca
3450028979,sa
3450044776,ca
3450019236,sa
3450012322,sa
3450048036,ca
3450034184,sa
3450011193,ca
3450034039,ca
3450041154,ca
3450041840,ca
3450038225,sa
3450004187,sa
3450037479,sa
3450000444,ca
3450013482,ca
3450011812,ca
3450030417,sa
3450047964,sa
3450047982,ca
3450048990,sa
3450017896,sa
3450002860,sa
3450012538,ca
3450037420,ca
3450038894,ca
3450019268,sa
3450041191,ca
3450005402,sa
3450042320,ca
3450011337,sa
3450010613,sa
3450013863,sa
3450018997,ca
3450005757,ca
3450005718,sa
3450019033,ca
3450004368,sa
3450011652,ca
3450047035,ca
3450016408,ca
3450044381,sa
3450010604,sa
3450041155,ca
3450017791,sa
3450013924,ca
3450048037,ca
3450005460,sa
3450026421,sa
3450011995,ca
3450011811,ca
3450006913,ca
3450024833,sa
3450006551,ca
3450032415,sa
3450039802,ca
3450001680,sa
3450029095,sa
3450004321,sa
3450024928,sa
3450035414,ca
3450000514,ca
3450011892,ca
3450045317,sa
3450029513,sa
3450005696,ca
3450036263,sa
3450038801,sa
3450001825,sa
3450011474,ca
3450031682,sa
3450015618,sa
3450038420,ca
3450011208,ca
3450038036,sa
3450031461,sa
3450004038,sa
3450020856,sa
3450048891,ca
3450039191,ca
3450042609,ca
3450021161,sa
3450010192,ca
3450025233,sa
3450043747,ca
3450044962,sa
3450022821,sa
3450032875,sa
3450031254,sa
3450030601,sa
3450031718,sa
3450006300,ca
3450011854,ca
3450003304,sa
3450041504,ca
3450019059,ca
3450001496,ca
3450041983,ca
3450008882,ca
3450039492,ca
3450018319,ca
3450041537,ca
3450045838,ca
3450003265,sa
3450004241,sa
3450011725,sa
3450013051,sa
3450047680,sa
3450005361,sa
3450006802,ca
3450034550,ca
3450026048,sa
3450012170,sa
3450002494,ca
3450000530,ca
3450019069,ca
3450039891,ca
3450015504,sa
3450034076,ca
3450037454,ca
3450047229,ca
3450039963,ca
3450007502,ca
3450041900,ca
3450019084,ca
3450041874,ca
3450022754,sa
3450005028,sa
3450000655,sa
3450042167,ca
3450024720,sa
3450026165,sa
3450028690,sa
3450012877,ca
3450009448,sa
3450035098,ca
3450032681,sa
3450034946,ca
3450021265,sa
3450012546,ca
3450043727,ca
3450045832,ca
3450004560,sa
3450022137,sa
3450039109,ca
3450019740,sa
3450008829,ca
3450006915,ca
3450040330,sa
3450009902,sa
3450035679,sa
3450015333,sa
3450023721,sa
3450005981,ca
3450029220,sa
3450039182,ca
3450012142,sa
3450034643,ca
3450006917,ca
3450037442,ca
3450005394,sa
3450015837,ca
3450015818,ca
3450006144,ca
3450042252,ca
3450008822,ca
3450003121,ca
3450025468,sa
3450022583,sa
3450005267,sa
3450018902,sa
3450009749,ca
3450041596,sa
3450019538,sa
3450002667,sa
3450049518,ca
3450039436,sa
3450035872,sa
3450007987,sa
3450011143,ca
3450002108,ca
3450042194,ca
3450049084,sa
3450005688,ca
3450000490,ca
3450039028,ca
3450035452,ca
3450029775,sa
3450004747,ca
3450030886,sa
3450000543,ca
3450011982,ca
3450049885,sa
3450049467,sa
3450026129,sa
3450006921,ca
3450004613,ca
3450016397,sa
3450038948,ca
3450013646,sa
3450048078,ca
3450039902,ca
3450017525,sa
3450015572,sa
3450014735,ca
3450002973,sa
3450031362,sa
3450042666,ca
3450003594,sa
3450013908,sa
3450024162,sa
3450003436,sa
3450017493,ca
3450005830,ca
3450045844,sa
3450030679,sa
3450038432,sa
3450033158,sa
3450006485,ca
3450014810,ca
3450011825,ca
3450003633,sa
3450035002,sa
3450038846,ca
3450009849,sa
3450003872,sa
3450044786,ca
3450024644,sa
3450047613,ca
3450009934,sa
3450013772,sa
3450042822,ca
3450011207,ca
3450043210,ca
3450010399,ca
3450014677,sa
3450018999,ca
3450034937,ca
3450013237,ca
3450011079,ca
3450025143,sa
3450024892,sa
3450010528,sa
3450012215,sa
3450044764,ca
3450003416,ca
3450042783,ca
3450005915,ca
3450012388,ca
3450030322,sa
3450005181,sa
3450043235,ca
3450003559,ca
3450024112,sa
3450000682,sa
3450006873,ca
3450042657,ca
3450033978,sa
3450031597,sa
3450044452,ca
3450036218,sa
3450047599,ca
3450003896,sa
3450037001,ca
3450039646,ca
3450005849,ca
3450034387,sa
3450045542,ca
3450045057,ca
3450046026,ca
3450004867,sa
3450005662,ca
3450000479,ca
3450047536,sa
3450006906,ca
3450047591,ca
3450041722,ca
3450049674,sa
3450025157,sa
3450009716,ca
3450006910,ca
3450033874,sa
3450004687,ca
3450021575,sa
3450028622,sa
3450048017,ca
3450040150,ca
3450042842,ca
3450014574,sa
3450035656,ca
3450016969,sa
3450035417,ca
3450043680,ca
3450035438,ca
3450007716,sa
3450037378,ca
3450049521,ca
3450018317,ca
3450048698,sa
3450009774,ca
3450006902,ca
3450046662,ca
3450025788,sa
3450039602,sa
3450011040,ca
3450012934,ca
3450022885,sa
3450020180,sa
3450016805,sa
3450016829,sa
3450004674,sa
3450013740,sa
3450011972,ca
3450035629,sa
3450021067,sa
3450001744,sa
3450024969,sa
3450002731,ca
3450017336,sa
3450003981,sa
3450003499,sa
3450003863,sa
3450045457,sa
3450039881,ca
3450048054,ca
3450040147,ca
3450015102,ca
3450026589,sa
3450002625,sa
3450033383,sa
3450002814,sa
3450012237,sa
3450048004,ca
3450030430,sa
3450000743,ca
3450032285,sa
3450005890,ca
3450043740,ca
3450015183,ca
3450015823,ca
3450003907,ca
3450043690,ca
3450001467,ca
3450025678,ca
3450002940,ca
3450018714,ca
3450012925,ca
3450017469,ca
3450026426,sa
3450003495,sa
3450016888,sa
3450000131,sa
3450028582,sa
3450011152,ca
3450007236,ca
3450021246,sa
3450034210,sa
3450039181,ca
3450042250,ca
3450015211,sa
3450025968,sa
3450013183,sa
3450006062,ca
3450006277,ca
3450006090,ca
3450013301,ca
3450048006,ca
3450004859,sa
3450006343,ca
3450017024,ca
3450017868,sa
3450007279,ca
3450035376,ca
3450023492,sa
3450011623,ca
3450036319,ca
3450029072,sa
3450015108,ca
3450039961,ca
3450038887,ca
3450013178,sa
3450009903,sa
3450032785,sa
3450018060,sa
3450003345,sa
3450019870,sa
3450044816,ca
3450042598,ca
3450010832,ca
3450019550,sa
3450017090,ca
3450009711,ca
3450013174,sa
3450049622,ca
3450011050,ca
3450001877,ca
3450006801,ca
3450032181,sa
3450033289,sa
3450041189,ca
3450040380,sa
3450020873,sa
3450002658,sa
3450016456,ca
3450038545,sa
3450031989,sa
3450039667,ca
3450006036,ca
3450016643,sa
3450036795,sa
3450048013,ca
3450015587,sa
3450009552,ca
3450042235,ca
3450043512,sa
3450005406,sa
3450023343,sa
3450011980,ca
3450016120,sa
3450042673,ca
3450041420,ca
3450011194,ca
3450011689,sa
3450039039,ca
3450024293,sa
3450018461,sa
3450003133,ca
3450002110,ca
3450003163,ca
3450011909,ca
3450048684,sa
3450011694,sa
3450035796,ca
3450041672,ca
3450041076,ca
3450040984,sa
3450013315,ca
3450000596,sa
3450013123,ca
3450041707,ca
3450004921,sa
3450009518,ca
3450010915,ca
3450041280,sa
3450010492,sa
3450025021,sa
3450026430,sa
3450006856,ca
3450003764,sa
3450002568,sa
3450049133,sa
3450015207,sa
3450015787,ca
3450013826,sa
3450003589,ca
3450013890,sa
3450033595,sa
3450007465,ca
3450011234,ca
3450018494,ca
3450013447,ca
3450005925,ca
3450001942,ca
3450023384,sa
3450034064,ca
3450030269,sa
3450043744,ca
3450003832,sa
3450011782,ca
3450009278,sa
3450015840,ca
3450034927,ca
3450013114,sa
3450038207,sa
3450007702,sa
3450026787,sa
3450000641,sa
3450043733,ca
3450002187,ca
3450005295,sa
3450024525,ca
3450011656,ca
3450048644,ca
3450009678,ca
3450048068,ca
3450033063,sa
3450010478,sa
3450011185,ca
3450011649,ca
3450036119,sa
3450019473,ca
3450004435,ca
3450013920,sa
3450020211,sa
3450006958,ca
3450045263,sa
3450000114,sa
3450006057,ca
3450011961,ca
3450005169,sa
3450019102,ca
3450023613,sa
3450041071,ca
3450044908,sa
3450019925,sa
3450049773,sa
3450040524,sa
3450024261,sa
3450033180,sa
3450002365,sa
3450036427,ca
3450003918,sa
3450005249,sa
3450013926,ca
3450004821,ca
3450017642,ca
3450014051,sa
3450023087,sa
3450009444,sa
3450013052,sa
3450013952,sa
3450000534,ca
3450008668,ca
3450002855,sa
3450011998,ca
3450026953,sa
3450025364,sa
3450044752,ca
3450020841,sa
3450001815,sa
3450008853,ca
3450002554,ca
3450039162,ca
3450041821,ca
3450021264,sa
3450008863,ca
3450036997,ca
3450015702,sa
3450040830,sa
3450011092,ca
3450029752,sa
3450011908,ca
3450010876,ca
3450009872,sa
3450002597,ca
3450018092,sa
3450027034,ca
3450042591,ca
3450007348,ca
3450004114,ca
3450006835,ca
3450013508,ca
3450010309,ca
3450014438,sa
3450033946,sa
3450046896,ca
3450013403,ca
3450018318,ca
3450035039,sa
3450007323,ca
3450003070,sa
3450006562,ca
3450009601,ca
3450048983,ca
3450012797,ca
3450048139,sa
3450010978,sa
3450005780,ca
3450007508,ca
3450048617,ca
3450039244,ca
3450015626,sa
3450027033,ca
3450044808,ca
3450025884,ca
3450034063,ca
3450011051,ca
3450042313,ca
3450018425,sa
3450038945,ca
3450005629,ca
3450012828,ca
3450021548,sa
3450006635,ca
3450039820,ca
3450037857,sa
3450011250,ca
3450015795,ca
3450034279,sa
3450003457,ca
3450021877,ca
3450048963,ca
3450021472,sa
3450003611,sa
3450002194,sa
3450017027,ca
3450041068,ca
3450001612,ca
3450005306,ca
3450012151,sa
3450000026,ca
3450020422,sa
3450009549,ca
3450041911,ca
3450023078,sa
3450024450,sa
3450016766,sa
3450003814,sa
3450048909,sa
3450012540,ca
3450006010,ca
3450005189,ca
3450040042,sa
3450044767,ca
3450007320,ca
3450004250,sa
3450033275,sa
3450034957,ca
3450009151,ca
3450003472,sa
3450004178,sa
3450034558,ca
3450020684,sa
3450032005,sa
3450043245,ca
3450006086,ca
3450000945,ca
3450045134,ca
3450011388,sa
3450003840,ca
3450004207,ca
3450040119,sa
3450043761,ca
3450045088,sa
3450020266,sa
3450002171,sa
3450017877,sa
3450036288,ca
3450040664,sa
3450011167,ca
3450010912,ca
3450002522,ca
3450020161,sa
3450041836,ca
3450034070,ca
3450001422,ca
3450048803,ca
3450007538,ca
3450019933,sa
3450021292,sa
3450014248,ca
3450038329,sa
3450013522,ca
3450008231,ca
3450022263,sa
3450013736,sa
3450005254,sa
3450048035,ca
3450045165,ca
3450002539,ca
3450038365,sa
3450028037,sa
3450011254,ca
3450013769,sa
3450017838,ca
3450005664,ca
3450011306,sa
3450002607,ca
3450003651,ca
3450002463,sa
3450043517,sa
3450026011,sa
3450028479,sa
3450004853,sa
3450010840,ca
3450047623,ca
3450015225,sa
3450046667,ca
3450011097,ca
3450012898,ca
3450019263,sa
3450034288,sa
3450024950,sa
3450002959,sa
3450048588,ca
3450030962,sa
3450014443,sa
3450004164,sa
3450006950,ca
3450041978,ca
3450014276,ca
3450013325,ca
3450001879,sa
3450016526,ca
3450035415,ca
3450013795,sa
3450023662,ca
3450006948,ca
3450019384,ca
3450020832,sa
3450025616,sa
3450045147,ca
3450000483,ca
3450040682,sa
3450001626,sa
3450003615,sa
3450047226,ca
3450006919,ca
3450007497,ca
3450013488,ca
3450037984,ca
3450010271,ca
3450046267,sa
3450017128,ca
3450035304,sa
3450001147,ca
3450034075,ca
3450009209,sa
3450023393,sa
3450044769,ca
3450037417,ca
3450014720,ca
3450014074,sa
3450012368,ca
3450039736,ca
3450039223,ca
3450029194,sa
3450003043,sa
3450006565,ca
3450043676,ca
3450016346,sa
3450048005,ca
3450026363,sa
3450016955,sa
3450018759,sa
3450020981,sa
3450025251,sa
3450022628,sa
3450035165,sa
3450041985,ca
3450044778,ca
3450007546,ca
3450040506,sa
3450014300,ca
3450015569,sa
3450002419,sa
3450012497,ca
3450018943,sa
3450029397,sa
3450011155,ca
3450041193,ca
3450004736,sa
3450031565,sa
3450039227,ca
3450009452,sa
3450010581,sa
3450007310,ca
3450012647,sa
3450009563,ca
3450001586,sa
3450011450,sa
3450043508,sa
3450011405,sa
3450044575,sa
3450004051,sa
3450011949,ca
3450037987,ca
3450041905,ca
3450001587,sa
3450026633,sa
3450003507,sa
3450005733,ca
3450036579,sa
3450004150,sa
3450005850,ca
3450012242,sa
3450018768,sa
3450009809,ca
3450024455,sa
3450010416,ca
3450028299,sa
3450006410,sa
3450035083,ca
3450020248,sa
3450013394,ca
3450039650,ca
3450039079,ca
3450014493,sa
3450017453,ca
3450004683,ca
3450038853,ca
3450008811,ca
3450011070,ca
3450035086,ca
3450045146,ca
3450031187,sa
3450036343,ca
3450048224,sa
3450002120,ca
3450024694,sa
3450005187,ca
3450016555,ca
3450022713,sa
3450009541,ca
3450003127,ca
3450017620,ca
3450014218,sa
3450021076,sa
3450048319,sa
3450042661,ca
3450045556,sa
3450002383,sa
3450003935,sa
3450017792,sa
3450008331,sa
3450044782,ca
3450014690,sa
3450004485,sa
3450043725,ca
3450013507,ca
3450000476,ca
3450049525,ca
3450010763,ca
3450005372,ca
3450014492,sa
3450009668,ca
3450031538,sa
3450016748,sa
3450018400,ca
3450003219,sa
3450023857,sa
3450049359,sa
3450010427,ca
3450013359,ca
3450019686,sa
3450008566,ca
3450047039,ca
3450017666,sa
3450004105,sa
3450004787,sa
3450027042,sa
3450007365,ca
3450020158,sa
3450036433,ca
3450034233,sa
3450001036,sa
3450039174,ca
3450010762,ca
3450039148,ca
3450028208,sa
3450001631,ca
3450000673,sa
3450041956,ca
3450041343,sa
3450021346,sa
3450047987,ca
3450049138,sa
3450004897,ca
3450045819,ca
3450009571,ca
3450035377,ca
3450043672,ca
3450015836,ca
3450041148,ca
3450016198,sa
3450048971,ca
3450017460,ca
3450000591,sa
3450048065,ca
3450045227,sa
3450001654,sa
3450010578,sa
3450013791,sa
3450038257,sa
3450019187,sa
3450003175,sa
3450001532,sa
3450013410,ca
3450000352,sa
3450045841,ca
3450017443,ca
3450043729,ca
3450000353,sa
3450049496,ca
3450007493,ca
3450041754,ca
3450014960,ca
3450012359,ca
3450012283,sa
3450018029,sa
3450010831,ca
3450039637,ca
3450027128,sa
3450003646,ca
3450011192,ca
3450003184,sa
3450003431,sa
3450035382,ca
3450006337,ca
3450039092,ca
3450012025,sa
3450001997,sa
3450047185,sa
3450009508,ca
3450049660,sa
3450004475,sa
3450013907,sa
3450048713,ca
3450028852,sa
3450011198,ca
3450011102,ca
3450015573,sa
3450004989,sa
3450049124,sa
3450020337,sa
3450012099,sa
3450004521,ca
3450012874,ca
3450042946,sa
3450048076,ca
3450019092,ca
3450004488,ca
3450016501,ca
3450013655,sa
3450006384,ca
3450048799,ca
3450036294,ca
3450032343,sa
3450042628,ca
3450019013,ca
3450012363,ca
3450005410,sa
3450044502,sa
3450017710,sa
3450043694,ca
3450008637,ca
3450006945,ca
3450026606,sa
3450020829,sa
3450041877,ca
3450038374,sa
3450006317,ca
3450012873,ca
3450033518,sa
3450038243,sa
3450035366,ca
3450013542,sa
3450009785,ca
3450046361,sa
3450004482,ca
3450002526,sa
3450006065,ca
3450029707,sa
3450044788,ca
3450033690,ca
3450038676,sa
3450044772,ca
3450014474,sa
3450011160,ca
3450004088,sa
3450006961,ca
3450002062,sa
3450002473,sa
3450013718,sa
3450018735,ca
3450015835,ca
3450005709,sa
3450043760,ca
3450048350,sa
3450041891,ca
3450020193,sa
3450011921,ca
3450009677,ca
3450010843,ca
3450018495,ca
3450000118,sa
3450005867,ca
3450028762,sa
3450006653,sa
3450006051,ca
3450010421,ca
3450016600,ca
3450045385,sa
3450003778,ca
3450004614,sa
3450020265,sa
3450015170,ca
3450044537,ca
3450003524,ca
3450004330,sa
3450011127,ca
3450042207,ca
3450038810,sa
3450036312,ca
3450003890,sa
3450000795,sa
3450009802,ca
3450014921,ca
3450003514,ca
3450005804,ca
3450016193,sa
3450008471,sa
3450001531,sa
3450041787,ca
3450045687,sa
3450041143,ca
3450019096,ca
3450042644,ca
3450018849,sa
3450009871,sa
3450039925,ca
3450007470,ca
3450014884,sa
3450011851,ca
3450039211,ca
3450041949,ca
3450049509,ca
3450009498,ca
3450015397,sa
3450041149,ca
3450010921,ca
3450045137,ca
3450015822,ca
3450004975,sa
3450041060,ca
3450012500,ca
3450009001,ca
3450017147,ca
3450036282,ca
3450024225,sa
3450010381,ca
3450022259,sa
3450007521,ca
3450013582,ca
3450005932,ca
3450000504,ca
3450039288,sa
3450042590,ca
3450045632,sa
3450002909,sa
3450012389,ca
3450045236,sa
3450014122,sa
3450049183,sa
3450039948,ca
3450019485,ca
3450019105,ca
3450016314,sa
3450041553,ca
3450012927,ca
3450039761,ca
3450008880,ca
3450012978,ca
3450021836,sa
3450007698,sa
3450036952,sa
3450009665,ca
3450023546,sa
3450041657,ca
3450020349,ca
3450029446,sa
3450009119,sa
3450007541,ca
3450030787,sa
3450000640,sa
3450003665,sa
3450026921,sa
3450037995,ca
3450001596,sa
3450005433,ca
3450021764,sa
3450003697,sa
3450036304,ca
3450048256,sa
3450041923,ca
3450006486,ca
3450049476,sa
3450022731,sa
3450003698,sa
3450003486,sa
3450017083,ca
3450006693,ca
3450003782,sa
3450000330,sa
3450011663,ca
3450025297,sa
3450006663,sa
3450026494,sa
3450017624,ca
3450048422,sa
3450045132,ca
3450003954,sa
3450045155,ca
3450049426,sa
3450012903,ca
3450001692,ca
3450035429,ca
3450046735,sa
3450003741,sa
3450010434,ca
3450005352,sa
3450038987,sa
3450030755,sa
3450001493,ca
3450004673,sa
3450019173,sa
3450013514,ca
3450019465,ca
3450039969,ca
3450025292,sa
3450009296,sa
3450020328,sa
3450039636,ca
3450018742,ca
3450017621,ca
3450040496,ca
3450011036,ca
3450021179,sa
3450018310,ca
3450033784,sa
3450028294,sa
3450003467,sa
3450049642,sa
3450039966,ca
3450034625,sa
3450038003,ca
3450013543,sa
3450042663,ca
3450034916,ca
3450004240,sa
3450044075,sa
3450039986,sa
3450037163,sa
3450031236,sa
3450018912,sa
3450022943,sa
3450031001,sa
3450034072,ca
3450012963,ca
3450039152,ca
3450040691,sa
3450048614,ca
3450014024,sa
3450048576,sa
3450011655,ca
3450006697,ca
3450028217,sa
3450039052,ca
3450005448,sa
3450043716,ca
3450047997,ca
3450043728,ca
3450010118,sa
3450038662,sa
3450020257,sa
3450000222,ca
3450001444,ca
3450004523,ca
3450007561,ca
3450025530,sa
3450039143,ca
3450011200,ca
3450029437,sa
3450023324,ca
3450029572,sa
3450007525,ca
3450003959,sa
3450005204,sa
3450024572,sa
3450036871,sa
3450034924,ca
3450035099,ca
3450044812,ca
3450041212,sa
3450033739,sa
3450043702,ca
3450004001,sa
3450033392,sa
3450009814,ca
3450013219,sa
3450013575,sa
3450011419,sa
3450006837,ca
3450016475,ca
3450001934,ca
3450045452,sa
3450009962,sa
3450011968,ca
3450029536,sa
3450013796,sa
3450013428,ca
3450022605,sa
3450011805,ca
3450012427,ca
3450003464,ca
3450003020,sa
3450008692,ca
3450038234,sa
3450016815,sa
3450018331,sa
3450007315,ca
3450036605,sa
3450002490,sa
3450025161,sa
3450015357,sa
3450036354,ca
3450039513,ca
3450019277,sa
3450035374,ca
3450013637,sa
3450007982,sa
3450006930,ca
3450039184,ca
3450013265,ca
3450004327,sa
3450001915,ca
3450029590,sa
3450045312,sa
3450007554,ca
3450040312,sa
3450002942,ca
3450009771,ca
3450032096,sa
3450042650,ca
3450043765,sa
3450004728,sa
3450041950,ca
3450034053,ca
3450016563,ca
3450038935,ca
3450012685,ca
3450012166,sa
3450014029,sa
3450011256,ca
3450006634,ca
3450039091,ca
3450041195,ca
3450008698,ca
3450006633,ca
3450015726,sa
3450048544,sa
3450029491,sa
3450009590,ca
3450037630,ca
3450018368,sa
3450028785,sa
3450010729,ca
3450048060,ca
3450004578,ca
3450005262,sa
3450017628,ca
3450021503,sa
3450010540,sa
3450043466,ca
3450000109,sa
3450018741,ca
3450047031,ca
3450043695,ca
3450009268,sa
3450009390,sa
3450005465,sa
3450011101,ca
3450011893,ca
3450042955,sa
3450010236,ca
3450021737,sa
3450006092,ca
3450049165,sa
3450004011,ca
3450034473,ca
3450021134,sa
3450004025,sa
3450018926,sa
3450039743,ca
3450012454,ca
3450047233,ca
3450042268,ca
3450039042,ca
3450003453,sa
3450041655,ca
3450038527,sa
3450013354,ca
3450012354,ca
3450010738,ca
3450023884,sa
3450042811,ca
3450008931,sa
3450014137,sa
3450014655,sa
3450014922,ca
3450011508,sa
3450028131,sa
3450005737,ca
3450044738,ca
3450010257,ca
3450014032,sa
3450002364,sa
3450004427,ca
3450017611,ca
3450048797,ca
3450029612,sa
3450023122,sa
3450027150,sa
3450036047,sa
3450025521,sa
3450048927,sa
3450012503,ca
3450003906,ca
3450039187,ca
3450020919,sa
3450026381,sa
3450035975,ca
3450002743,sa
3450042189,ca
3450018293,ca
3450024608,sa
3450011220,ca
3450011226,ca
3450042592,ca
3450032668,sa
3450026205,sa
3450036038,sa
3450041913,ca
3450010794,ca
3450013089,sa
3450033973,sa
3450012665,sa
3450036431,ca
3450009971,sa
3450006248,ca
3450047293,sa
3450025724,sa
3450014096,sa
3450018733,ca
3450049787,sa
3450011249,ca
3450008784,ca
3450009740,ca
3450004786,sa
3450010833,ca
3450013773,sa
3450038211,sa
3450012648,sa
3450018462,sa
3450008917,sa
3450036904,ca
3450021985,sa
3450046902,ca
3450019016,ca
3450015631,sa
3450010247,ca
3450022619,sa
3450038167,sa
3450029905,sa
3450000668,sa
3450011383,sa
3450011037,ca
3450048649,ca
3450008346,sa
3450003143,sa
3450019085,ca
3450014019,sa
3450023041,sa
3450011926,ca
3450043521,sa
3450013967,sa
3450041226,sa
3450004834,ca
3450016922,sa
3450035370,ca
3450037436,ca
3450011479,ca
3450002430,ca
3450004282,sa
3450043754,ca
3450007272,ca
3450003588,ca
3450016549,ca
3450009520,ca
3450011613,ca
3450036619,sa
3450010608,sa
3450033853,ca
3450003704,ca
3450034052,ca
3450004629,ca
3450004473,ca
3450027932,ca
3450002437,sa
3450006536,ca
3450047617,ca
3450024446,sa
3450007684,sa
3450003062,sa
3450006887,ca
3450018280,ca
3450045470,sa
3450003549,sa
3450009696,ca
3450019280,sa
3450007351,ca
3450015505,sa
3450005512,ca
3450048613,ca
3450028267,sa
3450004093,sa
3450001938,sa
3450024829,sa
3450020441,sa
3450013279,ca
3450035631,ca
3450047905,sa
3450004764,sa
3450011973,ca
3450023096,sa
3450024743,sa
3450006912,ca
3450042833,ca
3450003066,sa
3450047598,ca
3450015814,ca
3450009386,sa
3450023244,sa
3450016194,sa
3450040452,sa
3450019419,ca
3450004411,sa
3450013499,ca
3450004912,sa
3450041571,ca
3450048071,ca
3450037505,sa
3450039236,ca
3450010113,sa
3450001041,sa
3450010388,ca
3450047432,sa
3450048898,ca
3450004911,sa
3450002725,sa
3450047180,sa
3450003461,ca
3450014749,ca
3450048828,sa
3450042491,sa
3450005934,ca
3450032154,sa
3450007347,ca
3450033126,sa
3450008694,ca
3450011997,ca
3450008858,ca
3450019008,ca
3450049566,sa
3450019006,ca
3450001887,ca
3450006901,ca
3450014713,sa
3450001640,sa
3450044745,ca
3450003831,sa
3450005735,ca
3450047761,sa
3450006944,ca
3450020590,sa
3450007314,ca
3450032780,sa
3450005589,ca
3450041577,ca
3450002887,ca
3450020567,sa
3450011189,ca
3450031141,sa
3450032596,sa
3450016544,ca
3450012956,ca
3450021730,ca
3450023014,sa
3450028965,sa
3450047021,ca
3450008017,sa
3450004723,sa
3450029577,sa
3450018990,ca
3450039230,ca
3450021728,sa
3450032861,sa
3450017143,ca
3450038441,sa
3450042496,sa
3450029621,sa
3450039161,ca
3450012397,ca
3450045641,sa
3450008318,sa
3450019043,ca
3450020242,sa
3450017183,sa
3450037428,ca
3450013521,ca
3450034747,sa
3450007701,sa
3450026458,sa
3450009132,sa
3450011821,ca
3450011734,sa
3450038890,ca
3450034436,sa
3450030890,sa
3450048837,sa
3450003430,sa
3450020649,sa
3450007981,sa
3450018093,sa
3450005118,sa
3450020355,sa
3450022141,sa
3450035246,sa
3450030165,sa
3450004490,ca
3450033671,sa
3450034378,sa
3450037799,sa
3450004651,sa
3450003973,ca
3450037628,ca
3450002432,sa
3450000511,ca
3450025670,sa
3450009282,sa
3450046034,ca
3450041989,ca
3450001225,sa
3450016592,ca
3450036902,ca
3450041567,ca
3450048000,ca
3450009647,ca
3450048056,ca
3450041478,ca
3450006880,ca
3450036307,ca
3450042259,ca
3450017142,ca
3450018303,ca
3450020008,sa
3450011996,ca
3450017144,ca
3450003776,ca
3450045871,sa
3450005571,ca
3450005357,sa
3450002533,ca
3450006827,ca
3450045231,sa
3450031308,sa
3450043741,ca
3450007280,ca
3450039580,sa
3450041175,ca
3450034930,ca
3450036236,sa
3450004326,sa
3450015271,sa
3450034242,sa
3450004750,ca
3450046895,ca
3450040358,sa
3450025305,sa
3450047158,sa
3450019844,sa
3450017804,sa
3450000588,sa
3450034077,ca
3450003238,sa
3450030557,sa
3450035647,sa
3450010518,sa
3450004101,sa
3450030109,ca
3450014038,sa
3450002662,sa
3450038072,sa
3450001834,sa
3450026237,sa
3450022254,sa
3450041249,sa
3450039638,ca
3450003364,sa
3450036362,ca
3450016973,sa
3450033347,sa
3450029171,sa
3450007401,ca
3450040051,sa
3450045358,sa
3450013460,ca
3450036100,sa
3450031114,sa
3450026327,sa
3450019047,ca
3450015334,sa
3450032140,sa
3450003657,ca
3450042487,sa
3450044921,sa
3450001622,ca
3450040597,sa
3450001550,sa
3450019094,ca
3450000387,ca
3450010618,sa
3450027114,sa
3450036281,ca
3450034513,ca
3450001613,ca
3450003075,sa
3450001166,ca
3450011845,ca
3450035331,sa
3450005457,sa
3450038937,ca
3450005222,sa
3450032618,sa
3450003911,ca
3450037006,ca
3450043855,sa
3450016597,ca
3450003084,sa
3450016045,sa
3450035223,sa
3450048289,ca
3450044780,ca
3450041723,ca
3450022738,ca
3450046479,sa
3450020185,sa
3450019532,sa
3450043085,sa
3450037500,sa
3450011245,ca
3450027290,sa
3450033284,sa
3450049362,ca
3450001769,ca
3450001494,ca
3450034157,sa
3450002003,sa
3450002598,ca
3450011319,sa
3450020022,sa
3450037884,sa
3450013821,sa
3450018787,sa
3450038617,sa
3450044743,ca
3450044763,ca
3450045092,sa
3450018656,ca
3450019849,sa
3450002968,sa
3450024586,sa
3450006943,ca
3450010438,ca
3450020112,sa
3450026160,sa
3450006696,ca
3450009688,ca
3450005848,ca
3450009825,ca
3450037438,ca
3450009287,sa
3450012466,ca
3450039973,ca
3450028212,sa
3450040240,sa
3450021511,sa
3450041535,ca
3450005879,ca
3450010398,ca
3450015522,sa
3450044484,ca
3450004740,sa
3450034074,ca
3450011634,ca
3450011123,ca
3450046887,ca
3450048019,ca
3450037601,ca
3450034041,ca
3450048018,ca
3450000083,sa
3450031588,sa
3450018043,sa
3450017637,ca
3450005398,sa
3450046186,sa
3450026705,sa
3450000619,sa
3450048597,ca
3450043763,ca
3450034035,ca
3450048965,ca
3450001771,ca
3450009811,ca
3450005902,ca
3450034579,ca
3450003903,sa
3450042627,ca
3450031317,sa
3450041991,ca
3450040231,sa
3450013709,sa
3450024414,sa
3450048650,ca
3450012638,sa
3450001712,sa
3450037990,ca
3450037820,sa
3450019943,sa
3450006242,ca
3450039355,sa
3450014555,sa
3450017482,ca
3450033838,sa
3450011003,sa
3450003140,ca
3450020572,sa
3450006467,ca
3450041474,ca
3450027871,sa
3450003742,sa
3450007490,ca
3450042063,sa
3450013927,ca
3450019065,ca
3450013322,ca
3450023500,sa
3450013318,ca
3450040371,sa
3450024900,sa
3450015494,ca
3450039611,sa
3450011190,ca
3450024941,sa
3450013468,ca
3450004624,sa
3450042651,ca
3450034907,ca
3450019080,ca
3450012096,ca
3450006241,ca
3450004213,ca
3450017962,sa
3450022600,sa
3450041591,sa
3450017783,sa
3450034952,ca
3450035494,sa
3450004308,sa
3450036425,ca
3450006080,ca
3450008864,ca
3450017625,ca
3450000609,sa
3450041184,ca
3450011314,sa
3450020040,sa
3450013182,sa
3450005628,ca
3450012058,sa
3450046609,sa
3450039883,ca
3450032686,sa
3450004047,sa
3450011806,ca
3450038004,ca
3450020729,sa
3450002661,sa
3450045135,ca
3450042317,ca
3450010487,sa
3450021570,sa
3450000872,ca
3450038932,ca
3450038914,ca
3450010121,sa
3450005517,ca
3450021237,sa
3450014041,sa
3450010125,ca
3450005177,sa
3450003413,ca
3450038870,ca
3450009760,ca
3450011545,sa
3450038504,sa
3450043685,ca
3450013530,ca
3450019444,ca
3450005727,sa
3450009048,sa
3450012062,sa
3450041547,ca
3450004722,sa
3450007302,ca
3450005573,ca
3450004826,ca
3450037416,ca
3450001019,sa
3450001778,ca
3450036272,sa
3450038428,sa
3450047018,ca
3450002643,sa
3450008693,ca
3450032497,sa
3450044327,sa
3450019276,sa
3450033810,sa
3450026313,sa
3450018182,sa
3450001099,ca
3450030412,sa
3450011974,ca
3450003102,sa
3450005037,sa
3450041170,ca
3450003653,ca
3450037427,ca
3450046915,sa
3450011468,sa
3450000087,sa
3450015819,ca
3450048798,ca
3450048578,ca
3450016594,ca
3450003828,sa
3450001537,sa
3450005451,sa
3450039844,ca
3450001617,sa
3450040993,sa
3450012982,ca
3450032717,sa
3450029066,ca
3450025319,sa
3450007560,ca
3450002342,sa
3450007711,sa
3450039431,sa
3450041832,ca
3450042781,ca
3450020823,sa
3450000613,sa
3450042806,ca
3450005754,ca
3450027691,sa
3450011328,sa
3450026967,sa
3450016243,sa
3450003661,sa
3450008230,ca
3450012764,ca
3450011221,ca
3450032654,sa
3450037794,sa
3450005851,ca
3450015942,sa
3450048298,ca
